sentiment,title
0.0,Nvidia (NASDAQ: NVDA) Stock Price Prediction for 2025: Where Will It Be in 1 Year (Oct 22) - Yahoo Finance
-0.34104,3 Tech Stocks Beating Nvidia This Year That Still Look Cheap - 24/7 Wall St.
0.022000000000000006,What's Going On With The Rise In Nvidia Stock Today? - Benzinga
0.030000000000000006,Prediction: Nvidia Stock Is Going to Soar After Nov. 20 - Yahoo Finance
0.024,Should You Buy Nvidia (NVDA) Stock Before Nov. 19?? - Yahoo Finance
0.024,Should You Buy Nvidia (NVDA) Stock Before Nov. 19?? - Nasdaq
0.5035200000000001,"If I Could Buy Only 1 ""Magnificent Seven"" Stock Over the Next 10 Years, This Would Be It (Hint: Not Nvidia) - Nasdaq"
0.5624,NVIDIA Corporation $NVDA Shares Sold by BankPlus Trust Department - MarketBeat
0.1027,"Prediction: This Unstoppable AI Stock Will Join Nvidia, Microsoft, Apple, and Alphabet in the $3 Trillion Club by 2029 - Yahoo Finance"
0.0,"Stock Movers: Nvidia, Avidity, Carter's - Bloomberg.com"
0.0,"Here are Monday's biggest analyst calls: Nvidia, Microsoft, Berkshire, Apple, Tesla, Honeywell & more - CNBC"
0.024,Nvidia Stock Just Got a New Street-High Price Target. Should You Buy NVDA Now? - Barchart.com
0.0258,Prediction: Nvidia Stock Could Reach $360 Sooner Than You Think - Nasdaq
-0.4215,Prediction: Nvidia Stock Could Reach $360 Sooner Than You Think - The Motley Fool
0.2732,Qualcomm Launches AI Chips to Challenge Nvidia’s Dominance - The Wall Street Journal
0.22800000000000004,Nvidia Rises While AI Rival Soars On New Data Center Chip; Is Nvidia A Buy Now? - Investor's Business Daily
0.022000000000000006,"Most semiconductor stocks rise as earnings season heats up, deals mount (NVDA:NASDAQ) - Seeking Alpha"
0.026000000000000002,"Qualcomm stock jumps 11% as company enters AI chip race, taking on Nvidia, AMD - Yahoo Finance"
0.5423,"Nvidia (NVDA) Stock Rallies on AI Boom, Trade Optimism – Analysts Weigh Competition & Outlook - ts2.tech"
0.10800000000000001,"Dow Jones Futures: Nvidia, Microsoft, Palantir, Tesla In Buy Zones After Stock Market Rally - Investor's Business Daily"
